apn,doc_count,unique_surnames,same_notary_ratio,velocity,score
405-112-17,4,4,1.0,52.17857142857143,1.8067171499791363
405-112-19,4,4,1.0,32.46666666666667,1.690940748999315
405-112-18,2,3,1.0,38.44736842105263,1.569922802294558
